{
    "MC 17-4PH 不锈钢": 0.00775,
    "MC 316 不锈钢": 0.00803,
    "MC 304 不锈钢": 0.00793,
    "MC 4605 低合金钢": 0.00785,
    "MC 2700 低合金钢": 0.00785,
    "MC 5368 马氏体时效沉淀硬化钢": 0.00804,
    "MC 5351 钨镍铜合金": 0.017,
    "MC 5352 钨镍铁合金": 0.0175
}
