{
    "MC 17-4PH Stainless Steel": 0.00775,
    "MC 316 Stainless Steel": 0.00803,
    "MC 304 Stainless Steel": 0.00793,
    "MC 4605 Low Alloy Steel": 0.00785,
    "MC 2700 Low Alloy Steel": 0.00785,
    "MC 5368 Maraging Steel": 0.00804,
    "MC 5351 W-Ni-Cu Alloy": 0.017,
    "MC 5352 W-Ni-Fe Alloy": 0.0175
}
